[
  {
    "type": "controls_repeat_ext",
    "message0": "repeat %1 times %2 %3",
    "args0": [
      {
        "type": "input_value",
        "name": "TIMES"
      },
      {
        "type": "input_dummy"
      },
      {
        "type": "input_statement",
        "name": "DO"
      }
    ],
    "inputsInline": true,
    "tooltip": "",
    "helpUrl": "http://www.example.com/"
  },
  {
    "type": "controls_whileUntil",
    "message0": "repeat %1 %2 %3",
    "args0": [
      {
        "type": "field_dropdown",
        "name": "MODE",
        "options": [
          [
            "while",
            "WHILE"
          ],
          [
            "until",
            "UNTIL"
          ]
        ]
      },
      {
        "type": "input_value",
        "name": "BOOL"
      },
      {
        "type": "input_statement",
        "name": "DO"
      }
    ],
    "tooltip": "",
    "colour": 280,
    "helpUrl": "http://www.example.com/"
  },
  {
    "type": "math_number",
    "message0": "%1",
    "args0": [
      {
        "type": "field_input",
        "name": "NUM",
        "text": "0"
      }
    ],
    "output": "Number",
    "tooltip": "",
    "colour": 120,
    "helpUrl": "http://www.example.com/"
  },
  {
    "type": "simple_input_output",
    "message0": "test block %1",
    "args0": [
      {
        "type": "input_value",
        "name": "value"
      }
    ],
    "output": null,
    "tooltip": "",
    "colour": 60,
    "helpUrl": "http://www.example.com/"
  },
  {
    "type": "multiple_input_output",
    "message0": "test block %1 %2",
    "args0": [
      {
        "type": "input_value",
        "name": "value_1"
      },
      {
        "type": "input_value",
        "name": "value_2"
      }
    ],
    "output": null,
    "tooltip": "",
    "colour": 220,
    "helpUrl": "http://www.example.com/"
  },
  {
    "type": "statement_no_input",
    "message0": "test block ",
    "args0": [],
    "previousStatement": null,
    "nextStatement": null,
    "tooltip": "",
    "colour": 120,
    "helpUrl": "http://www.example.com/"
  },
  {
    "type": "statement_value_input",
    "message0": "test block %1",
    "args0": [
      {
        "type": "input_value",
        "name": "value"
      }
    ],
    "previousStatement": null,
    "nextStatement": null,
    "tooltip": "",
    "colour": 300,
    "helpUrl": "http://www.example.com/"
  },
  {
    "type": "statement_multiple_value_input",
    "message0": "test block %1 %2",
    "args0": [
      {
        "type": "input_value",
        "name": "value_1"
      },
      {
        "type": "input_value",
        "name": "value_2"
      }
    ],
    "previousStatement": null,
    "nextStatement": null,
    "tooltip": "",
    "colour": 300,
    "helpUrl": "http://www.example.com/"
  },
  {
    "type": "statement_statement_input",
    "message0": "test block %1",
    "args0": [
      {
        "type": "input_statement",
        "name": "statement input"
      }
    ],
    "previousStatement": null,
    "nextStatement": null,
    "tooltip": "",
    "helpUrl": "http://www.example.com/"
  },
  {
    "type": "output_no_input",
    "message0": "test block",
    "args0": [],
    "output": null,
    "tooltip": "",
    "colour": 200,
    "helpUrl": "http://www.example.com/"
  },
  {
    "type": "statement_no_next",
    "message0": "test block",
    "args0": [],
    "previousStatement": null,
    "tooltip": "",
    "colour": 60,
    "helpUrl": "http://www.example.com/"
  },
  {
    "type": "statement_multiple_inputs",
    "message0": "test block %1 then test %2 with %3 and %4",
    "args0": [
      {
        "type": "input_statement",
        "name": "statement input"
      },
      {
        "type": "input_statement",
        "name": "statement input"
      },
      {
        "type": "input_value",
        "name": "value_1"
      },
      {
        "type": "input_value",
        "name": "value_2"
      }
    ],
    "previousStatement": null,
    "nextStatement": null,
    "tooltip": "",
    "inputsInline": true,
    "colour": 120,
    "helpUrl": "http://www.example.com/"
  }
]