<!--
  ~  Copyright 2015 Google Inc. All Rights Reserved.
  ~  Licensed under the Apache License, Version 2.0 (the "License");
  ~  you may not use this file except in compliance with the License.
  ~  You may obtain a copy of the License at
  ~
  ~   http://www.apache.org/licenses/LICENSE-2.0
  ~
  ~  Unless required by applicable law or agreed to in writing, software
  ~  distributed under the License is distributed on an "AS IS" BASIS,
  ~  WITHOUT WARRANTIES OR CONDITIONS OF ANY KIND, either express or implied.
  ~  See the License for the specific language governing permissions and
  ~  limitations under the License.
  -->

<toolbox>
    <category name="Turtle" colour="160">
        <block type="turtle_move_internal">
            <field name="VALUE">100</field>
            <field name="DIR">moveForward</field>
        </block>
        <block type="turtle_turn_internal">
            <field name="VALUE">90</field>
        </block>
    </category>
    <category name="Loops" colour="120">
        <block type="turtle_repeat_internal">
            <field name="TIMES">4</field>
        </block>
    </category>
</toolbox>
