[
  {
    "type": "controls_repeat_ext",
    "message0": "repeat %1 times %2 do %3",
    "args0": [
      {
        "type": "input_value",
        "name": "TIMES"
      },
      {
        "type": "input_dummy"
      },
      {
        "type": "input_statement",
        "name": "DO"
      }
    ],
    "previousStatement": null,
    "nextStatement": null,
    "colour": 120,
    "inputsInline": true,
    "tooltip": "Do some statements several times.",
    "helpUrl": "https://en.wikipedia.org/wiki/For_loop"
  },
  {
    "type": "controls_whileUntil",
    "message0": "repeat %1 %2 do %3",
    "args0": [
      {
        "type": "field_dropdown",
        "name": "MODE",
        "options": [
          [
            "while",
            "WHILE"
          ],
          [
            "until",
            "UNTIL"
          ]
        ]
      },
      {
        "type": "input_value",
        "name": "BOOL",
        "check": "Boolean"
      },
      {
        "type": "input_statement",
        "name": "DO"
      }
    ],
    "previousStatement": null,
    "nextStatement": null,
    "colour": 120,
    "tooltip": "While a value is false, then do some statements.",
    "helpUrl": "https://github.com/google/blockly/wiki/Loops#repeat"
  },
  {
    "type": "controls_for",
    "message0": "count with %1 from %2 to %3 by %4 do %5",
    "args0": [
      {
        "type": "field_variable",
        "name": "VAR",
        "variable": null
      },
      {
        "type": "input_value",
        "name": "FROM",
        "check": "Number",
        "align": "RIGHT"
      },
      {
        "type": "input_value",
        "name": "TO",
        "check": "Number",
        "align": "RIGHT"
      },
      {
        "type": "input_value",
        "name": "BY",
        "check": "Number",
        "align": "RIGHT"
      },
      {
        "type": "input_statement",
        "name": "DO"
      }
    ],
    "inputsInline": true,
    "previousStatement": null,
    "nextStatement": null,
    "colour": 120,
    "helpUrl": "https://github.com/google/blockly/wiki/Loops#count-with"
  },
  {
    "type": "controls_forEach",
    "message0": "for each item %1 in list %2 do %3",
    "args0": [
      {
        "type": "field_variable",
        "name": "VAR",
        "variable": null
      },
      {
        "type": "input_value",
        "name": "LIST",
        "check": "Array"
      },
      {
        "type": "input_statement",
        "name": "DO"
      }
    ],
    "previousStatement": null,
    "nextStatement": null,
    "colour": 120,
    "helpUrl": "https://github.com/google/blockly/wiki/Loops#for-each"
  },
  {
    "type": "controls_flow_statements",
    "message0": "%1 of loop",
    "args0": [
      {
        "type": "field_dropdown",
        "name": "FLOW",
        "options": [
          [
            "break out",
            "BREAK"
          ],
          [
            "continue with next iteration",
            "CONTINUE"
          ]
        ]
      }
    ],
    "previousStatement": null,
    "colour": 120,
    "helpUrl": "https://github.com/google/blockly/wiki/Loops#loop-termination-blocks",
    "TODO(#375)": "https://github.com/google/blockly-android/issues/375"
  }
]
