<toolbox>
    <block type="controls_if"></block>
    <block type="controls_ifelse"></block>
    <block type="logic_compare"></block>
    <block type="logic_operation"></block>
    <block type="controls_repeat_ext">
        <value name="TIMES">
            <shadow type="math_number">
                <field name="NUM">10</field>
            </shadow>
        </value>
    </block>
    <block type="logic_operation"></block>
    <block type="logic_negate"></block>
    <block type="logic_boolean"></block>
</toolbox>