[
  {
    "type": "controls_if",
    "message0": "if %1 do %2",
    "args0": [
      {
        "type": "input_value",
        "name": "IF0",
        "check": "Boolean"
      },
      {
        "type": "input_statement",
        "name": "DO0"
      }
    ],
    "previousStatement": null,
    "nextStatement": null,
    "colour": 210,
    "mutator": "controls_if_mutator",
    "tooltip": "If a value is true, then do some statements."
  },
  {
    "type": "controls_ifelse",
    "message0": "if %1",
    "args0": [
      {
        "type": "input_value",
        "name": "IF0",
        "check": "Boolean"
      }
    ],
    "message1": "do %1",
    "args1": [
      {
        "type": "input_statement",
        "name": "DO0"
      }
    ],
    "message2": "else %1",
    "args2": [
      {
        "type": "input_statement",
        "name": "ELSE"
      }
    ],
    "previousStatement": null,
    "nextStatement": null,
    "colour": 210,
    "tooltip": "If a value is true, then do the first block of statements. Otherwise, do the second block of statements.",
    "helpUrl": "https://github.com/google/blockly/wiki/IfElse"
  },
  {
    "type": "logic_compare",
    "message0": "%1 %2 %3",
    "args0": [
      {
        "type": "input_value",
        "name": "A"
      },
      {
        "type": "field_dropdown",
        "name": "OP",
        "options": [
          [
            "=",
            "EQ"
          ],
          [
            "\u2260",
            "NEQ"
          ]
        ]
      },
      {
        "type": "input_value",
        "name": "B"
      }
    ],
    "inputsInline": true,
    "output": "Boolean",
    "colour": 210,
    "tooltip": "",
    "helpUrl": "https://en.wikipedia.org/wiki/Equality_(mathematics)"
  },
  {
    "type": "logic_operation",
    "message0": "%1 %2 %3",
    "args0": [
      {
        "type": "input_value",
        "name": "A"
      },
      {
        "type": "field_dropdown",
        "name": "OP",
        "options": [
          [
            "and",
            "AND"
          ],
          [
            "or",
            "OR"
          ]
        ]
      },
      {
        "type": "input_value",
        "name": "B"
      }
    ],
    "inputsInline": true,
    "output": "Boolean",
    "colour": 210,
    "tooltip": "",
    "helpUrl": "https://github.com/google/blockly/wiki/Logic#logical-operations"
  },
  {
    "type": "logic_negate",
    "message0": "not %1",
    "args0": [
      {
        "type": "input_value",
        "name": "BOOL",
        "check": "Boolean"
      }
    ],
    "output": "Boolean",
    "colour": 210,
    "tooltip": "Returns true if the input is false. Returns false if the input is true.",
    "helpUrl": "https://github.com/google/blockly/wiki/Logic#not"
  },
  {
    "type": "logic_boolean",
    "message0": "%1",
    "args0": [
      {
        "type": "field_dropdown",
        "name": "BOOL",
        "options": [
          [
            "true",
            "TRUE"
          ],
          [
            "false",
            "FALSE"
          ]
        ]
      }
    ],
    "output": "Boolean",
    "colour": 210,
    "tooltip": "Returns either true or false.",
    "helpUrl": "https://github.com/google/blockly/wiki/Logic#values"
  },
  {
    "type": "logic_null",
    "message0": "null",
    "output": null,
    "colour": 210,
    "tooltip": "Returns null.",
    "helpUrl": "https://en.wikipedia.org/wiki/Nullable_type"
  },
  {
    "type": "logic_ternary",
    "message0": "test %1 if true %2 if false %3",
    "args0": [
      {
        "type": "input_value",
        "name": "IF"
      },
      {
        "type": "input_value",
        "name": "THEN"
      },
      {
        "type": "input_value",
        "name": "ELSE"
      }
    ],
    "output": null,
    "colour": 210,
    "tooltip": "Check the condition in \"test\". If the condition is true, returns the \"if true\" value; otherwise returns the \"if false\" value.",
    "helpUrl": "https://en.wikipedia.org/wiki/%3F:",
    "TODO(#374)": "https://github.com/google/blockly-android/issues/374"
  },
  {
    "type": "logic",
    "message0": "if %1 do %2",
    "args0": [
      {
        "type": "input_value",
        "name": "IF0",
        "check": "Boolean"
      },
      {
        "type": "input_statement",
        "name": "DO0"
      }
    ],
    "previousStatement": null,
    "nextStatement": null,
    "colour": 210,
    "mutator": "controls_if_mutator",
    "tooltip": "If a value is true, then do some statements."
  }
]