<!--
  ~  Copyright 2016 Google Inc. All Rights Reserved.
  ~  Licensed under the Apache License, Version 2.0 (the "License");
  ~  you may not use this file except in compliance with the License.
  ~  You may obtain a copy of the License at
  ~
  ~   http://www.apache.org/licenses/LICENSE-2.0
  ~
  ~  Unless required by applicable law or agreed to in writing, software
  ~  distributed under the License is distributed on an "AS IS" BASIS,
  ~  WITHOUT WARRANTIES OR CONDITIONS OF ANY KIND, either express or implied.
  ~  See the License for the specific language governing permissions and
  ~  limitations under the License.
  -->

<toolbox>
    <category name="逻辑" colour="210">
        <block type="controls_if"></block>
        <block type="controls_ifelse"></block>
        <block type="logic_compare"></block>
        <block type="logic_operation"></block>
        <block type="logic_negate"></block>
        <block type="logic_boolean"></block>
        <block type="logic_null"></block>
        <block type="logic_ternary"></block>
        <block type="logic"></block>
    </category>
    <category name="循环" colour="120">
        <block type="controls_repeat_ext">
            <value name="TIMES">
                <shadow type="math_number">
                    <field name="NUM">10</field>
                </shadow>
            </value>
        </block>
        <block type="controls_whileUntil">
            <value name="BOOL">
                <shadow type="logic_boolean">
                    <field name="BOOL">TRUE</field>
                </shadow>
            </value>
        </block>
        <block type="controls_for">
            <value name="FROM">
                <shadow type="math_number">
                    <field name="NUM">1</field>
                </shadow>
            </value>
            <value name="TO">
                <shadow type="math_number">
                    <field name="NUM">10</field>
                </shadow>
            </value>
            <value name="BY">
                <shadow type="math_number">
                    <field name="NUM">1</field>
                </shadow>
            </value>
        </block>
        <block type="controls_forEach"></block>
        <block type="controls_flow_statements"></block>
    </category>
    <category name="数学" colour="230">
        <block type="math_number" gap="32">
            <field name="NUM">123</field>
        </block>
        <block type="math_arithmetic">
            <value name="A">
                <shadow type="math_number">
                    <field name="NUM">1</field>
                </shadow>
            </value>
            <value name="B">
                <shadow type="math_number">
                    <field name="NUM">1</field>
                </shadow>
            </value>
        </block>
        <block type="math_single">
            <value name="NUM">
                <shadow type="math_number">
                    <field name="NUM">9</field>
                </shadow>
            </value>
        </block>
        <block type="math_trig">
            <value name="NUM">
                <shadow type="math_number">
                    <field name="NUM">45</field>
                </shadow>
            </value>
        </block>
        <block type="math_constant"></block>
        <block type="math_number_property"></block>
        <block type="math_change">
            <value name="DELTA">
                <shadow type="math_number">
                    <field name="NUM">1</field>
                </shadow>
            </value>
        </block>
        <block type="math_round">
            <value name="NUM">
                <shadow type="math_number">
                    <field name="NUM">3.1</field>
                </shadow>
            </value>
        </block>
        <block type="math_modulo">
            <value name="DIVIDEND">
                <shadow type="math_number">
                    <field name="NUM">64</field>
                </shadow>
            </value>
            <value name="DIVISOR">
                <shadow type="math_number">
                    <field name="NUM">10</field>
                </shadow>
            </value>
        </block>
        <block type="math_constrain">
            <value name="VALUE">
                <shadow type="math_number">
                    <field name="NUM">50</field>
                </shadow>
            </value>
            <value name="LOW">
                <shadow type="math_number">
                    <field name="NUM">1</field>
                </shadow>
            </value>
            <value name="HIGH">
                <shadow type="math_number">
                    <field name="NUM">100</field>
                </shadow>
            </value>
        </block>
        <block type="math_random_int">
            <value name="FROM">
                <shadow type="math_number">
                    <field name="NUM">1</field>
                </shadow>
            </value>
            <value name="TO">
                <shadow type="math_number">
                    <field name="NUM">100</field>
                </shadow>
            </value>
        </block>
        <block type="math_random_float"></block>
    </category>
    <category name="文本" colour="160">
        <block type="text"></block>
        <block type="text_append">
            <value name="TEXT">
                <shadow type="text"></shadow>
            </value>
        </block>
        <block type="text_length">
            <value name="VALUE">
                <shadow type="text">
                    <field name="TEXT">abc</field>
                </shadow>
            </value>
        </block>
        <block type="text_isEmpty">
            <value name="VALUE">
                <shadow type="text"></shadow>
            </value>
        </block>
        <block type="text_indexOf">
            <value name="VALUE">
                <block type="variables_get">
                    <field name="VAR">text</field>
                </block>
            </value>
            <value name="FIND">
                <shadow type="text">
                    <field name="TEXT">abc</field>
                </shadow>
            </value>
        </block>
        <block type="text_charAt">
            <value name="VALUE">
                <block type="variables_get">
                    <field name="VAR">text</field>
                </block>
            </value>
        </block>
        <block type="text_getSubstring">
            <value name="STRING">
                <block type="variables_get">
                    <field name="VAR">text</field>
                </block>
            </value>
        </block>
        <block type="text_changeCase">
            <value name="TEXT">
                <shadow type="text">
                    <field name="TEXT">abc</field>
                </shadow>
            </value>
        </block>
        <block type="text_trim">
            <value name="TEXT">
                <shadow type="text">
                    <field name="TEXT">abc</field>
                </shadow>
            </value>
        </block>
        <block type="text_print">
            <value name="TEXT">
                <shadow type="text">
                    <field name="TEXT">abc</field>
                </shadow>
            </value>
        </block>
        <block type="text_prompt_ext">
            <value name="TEXT">
                <shadow type="text">
                    <field name="TEXT">abc</field>
                </shadow>
            </value>
        </block>
    </category>
    <category name="链表" colour="260">
        <block type="lists_create_empty"></block>
        <block type="lists_repeat">
            <value name="NUM">
                <shadow type="math_number">
                    <field name="NUM">5</field>
                </shadow>
            </value>
        </block>
        <block type="lists_length"></block>
        <block type="lists_isEmpty"></block>
        <block type="lists_indexOf">
            <value name="VALUE">
                <block type="variables_get">
                    <field name="VAR">list</field>
                </block>
            </value>
        </block>
        <block type="lists_getIndex">
            <value name="VALUE">
                <block type="variables_get">
                    <field name="VAR">list</field>
                </block>
            </value>
        </block>
        <block type="lists_setIndex">
            <value name="LIST">
                <block type="variables_get">
                    <field name="VAR">list</field>
                </block>
            </value>
        </block>
        <block type="lists_getSublist">
            <value name="LIST">
                <block type="variables_get">
                    <field name="VAR">list</field>
                </block>
            </value>
        </block>
        <block type="lists_sort"></block>
    </category>
    <category name="颜色" colour="20">
        <block type="colour_picker"></block>
        <block type="colour_random"></block>
        <block type="colour_rgb">
            <value name="RED">
                <shadow type="math_number">
                    <field name="NUM">100</field>
                </shadow>
            </value>
            <value name="GREEN">
                <shadow type="math_number">
                    <field name="NUM">50</field>
                </shadow>
            </value>
            <value name="BLUE">
                <shadow type="math_number">
                    <field name="NUM">0</field>
                </shadow>
            </value>
        </block>
        <block type="colour_blend">
            <value name="COLOUR1">
                <shadow type="colour_picker">
                    <field name="COLOUR">#ff0000</field>
                </shadow>
            </value>
            <value name="COLOUR2">
                <shadow type="colour_picker">
                    <field name="COLOUR">#3333ff</field>
                </shadow>
            </value>
            <value name="RATIO">
                <shadow type="math_number">
                    <field name="NUM">0.5</field>
                </shadow>
            </value>
        </block>
    </category>
    <category name="变量" colour="330" custom="VARIABLE" />
    <!-- <category name="Functions" colour="290" custom="PROCEDURE" /> -->
</toolbox>
