[
  {
    "type": "variables_get",
    "message0": "get %1",
    "args0": [
      {
        "type": "field_variable",
        "name": "VAR",
        "variable": "item"
      }
    ],
    "output": null,
    "colour": 330,
    "tooltip": "Returns the value of this variable.",
    "helpUrl": "https://github.com/google/blockly/wiki/Variables#get"
  },
  {
    "type": "variables_set",
    "message0": "set %1 to %2",
    "args0": [
      {
        "type": "field_variable",
        "name": "VAR",
        "variable": "item"
      },
      {
        "type": "input_value",
        "name": "VALUE"
      }
    ],
    "previousStatement": null,
    "nextStatement": null,
    "inputsInline": true,
    "colour": 330,
    "tooltip": "Sets this variable to be equal to the input.",
    "helpUrl": "https://github.com/google/blockly/wiki/Variables#set"
  }
]
